{
  "Isolation Forest": {
    "AUC": 0.8886326238452554,
    "Average_Precision": 0.2635610893477722,
    "Classification_Report": {
      "0": {
        "precision": 0.9825540140448751,
        "recall": 0.8245246601782268,
        "f1-score": 0.8966294894552924,
        "support": 48702.0
      },
      "1": {
        "precision": 0.22110827561064528,
        "recall": 0.7728575979611341,
        "f1-score": 0.34384522712777266,
        "support": 3139.0
      },
      "accuracy": 0.8213961922030825,
      "macro avg": {
        "precision": 0.6018311448277602,
        "recall": 0.7986911290696804,
        "f1-score": 0.6202373582915326,
        "support": 51841.0
      },
      "weighted avg": {
        "precision": 0.936448071394366,
        "recall": 0.8213961922030825,
        "f1-score": 0.8631581096700629,
        "support": 51841.0
      }
    }
  },
  "Autoencoder": {
    "AUC": 0.8278366934449137,
    "Average_Precision": 0.3709566023869473,
    "Classification_Report": {
      "0": {
        "precision": 0.9883365731741183,
        "recall": 0.5115395671635662,
        "f1-score": 0.6741533507421288,
        "support": 48702.0
      },
      "1": {
        "precision": 0.1068183524817902,
        "recall": 0.9063395985982797,
        "f1-score": 0.19111275316561985,
        "support": 3139.0
      },
      "accuracy": 0.5354449181150055,
      "macro avg": {
        "precision": 0.5475774628279543,
        "recall": 0.708939582880923,
        "f1-score": 0.4326330519538743,
        "support": 51841.0
      },
      "weighted avg": {
        "precision": 0.9349601781440607,
        "recall": 0.5354449181150055,
        "f1-score": 0.6449049867870997,
        "support": 51841.0
      }
    }
  },
  "LSTM+CNN": {
    "AUC": 0.6458792406621543,
    "Average_Precision": 0.4694464503333467,
    "Classification_Report": {
      "0": {
        "precision": 0.9561607635875996,
        "recall": 0.9957283387755941,
        "f1-score": 0.9755435055985352,
        "support": 48693.0
      },
      "1": {
        "precision": 0.8149466192170819,
        "recall": 0.29181267919719656,
        "f1-score": 0.42974431151771053,
        "support": 3139.0
      },
      "accuracy": 0.9530984719864176,
      "macro avg": {
        "precision": 0.8855536914023407,
        "recall": 0.6437705089863953,
        "f1-score": 0.7026439085581229,
        "support": 51832.0
      },
      "weighted avg": {
        "precision": 0.9476086876657935,
        "recall": 0.9530984719864176,
        "f1-score": 0.9424893369340093,
        "support": 51832.0
      }
    }
  },
  "Ensemble": {
    "AUC": 0.9056230208068996,
    "Average_Precision": 0.5018298279948623,
    "Classification_Report": {
      "0": {
        "precision": 0.9561614647042576,
        "recall": 0.9952970652865915,
        "f1-score": 0.9753368417875004,
        "support": 48693.0
      },
      "1": {
        "precision": 0.800174520069808,
        "recall": 0.29213125199108,
        "f1-score": 0.4280046674445741,
        "support": 3139.0
      },
      "accuracy": 0.9527126099706745,
      "macro avg": {
        "precision": 0.8781679923870328,
        "recall": 0.6437141586388357,
        "f1-score": 0.7016707546160372,
        "support": 51832.0
      },
      "weighted avg": {
        "precision": 0.946714732584958,
        "recall": 0.9527126099706745,
        "f1-score": 0.9421898342388345,
        "support": 51832.0
      }
    }
  }
}