{
  "Isolation Forest": {
    "AUC": 0.8886326238452554,
    "Average_Precision": 0.2635610893477722,
    "Classification_Report": {
      "0": {
        "precision": 0.9825540140448751,
        "recall": 0.8245246601782268,
        "f1-score": 0.8966294894552924,
        "support": 48702.0
      },
      "1": {
        "precision": 0.22110827561064528,
        "recall": 0.7728575979611341,
        "f1-score": 0.34384522712777266,
        "support": 3139.0
      },
      "accuracy": 0.8213961922030825,
      "macro avg": {
        "precision": 0.6018311448277602,
        "recall": 0.7986911290696804,
        "f1-score": 0.6202373582915326,
        "support": 51841.0
      },
      "weighted avg": {
        "precision": 0.936448071394366,
        "recall": 0.8213961922030825,
        "f1-score": 0.8631581096700629,
        "support": 51841.0
      }
    }
  },
  "Autoencoder": {
    "AUC": 0.8499895123863408,
    "Average_Precision": 0.4490111931171802,
    "Classification_Report": {
      "0": {
        "precision": 0.9893979010709553,
        "recall": 0.567184099215638,
        "f1-score": 0.7210294827788727,
        "support": 48702.0
      },
      "1": {
        "precision": 0.11884457821252403,
        "recall": 0.9057024530105129,
        "f1-score": 0.21011788182254906,
        "support": 3139.0
      },
      "accuracy": 0.58768156478463,
      "macro avg": {
        "precision": 0.5541212396417396,
        "recall": 0.7364432761130755,
        "f1-score": 0.4655736823007109,
        "support": 51841.0
      },
      "weighted avg": {
        "precision": 0.9366854364106937,
        "recall": 0.58768156478463,
        "f1-score": 0.690093514811397,
        "support": 51841.0
      }
    }
  },
  "LSTM+CNN": {
    "AUC": 0.8549724948739208,
    "Average_Precision": 0.4120266210598429,
    "Classification_Report": {
      "0": {
        "precision": 0.9515964340415505,
        "recall": 0.9952354547881626,
        "f1-score": 0.9729268513034662,
        "support": 48693.0
      },
      "1": {
        "precision": 0.7439293598233996,
        "recall": 0.2147180630774132,
        "f1-score": 0.33325092707045734,
        "support": 3139.0
      },
      "accuracy": 0.9479665071770335,
      "macro avg": {
        "precision": 0.8477628969324751,
        "recall": 0.6049767589327879,
        "f1-score": 0.6530888891869617,
        "support": 51832.0
      },
      "weighted avg": {
        "precision": 0.9390198993531191,
        "recall": 0.9479665071770335,
        "f1-score": 0.9341874099126765,
        "support": 51832.0
      }
    }
  },
  "Ensemble": {
    "AUC": 0.9163766010772305,
    "Average_Precision": 0.4865319040800503,
    "Classification_Report": {
      "0": {
        "precision": 0.9828485077446165,
        "recall": 0.8014293635635512,
        "f1-score": 0.8829159030747302,
        "support": 48693.0
      },
      "1": {
        "precision": 0.20268821637668014,
        "recall": 0.783051927365403,
        "f1-score": 0.32202279575527315,
        "support": 3139.0
      },
      "accuracy": 0.8003164068529094,
      "macro avg": {
        "precision": 0.5927683620606483,
        "recall": 0.792240645464477,
        "f1-score": 0.6024693494150017,
        "support": 51832.0
      },
      "weighted avg": {
        "precision": 0.9356011865028362,
        "recall": 0.8003164068529094,
        "f1-score": 0.848947631275923,
        "support": 51832.0
      }
    }
  }
}